20.623;1.304
20.623;1.303
20.605;1.313
20.552;1.304
20.605;1.317
20.593;1.314
20.621;1.29
20.605;1.311
20.605;1.309
20.602;1.313
20.602;1.295
20.602;1.301
20.602;1.261
20.613;1.307
20.602;1.335
20.602;1.33
20.591;1.32
20.574;1.266
20.585;1.314
20.553;1.319
20.586;1.303
20.553;1.31
20.586;1.306
20.586;1.301
20.586;1.299
20.586;1.302
20.614;1.309
20.634;1.32
20.634;1.306
20.663;1.303
20.661;1.307
20.661;1.298
20.661;1.372
20.676;1.305
20.696;1.31
20.676;1.316
20.676;1.31
20.667;1.309
20.667;1.32
20.64;1.288
20.611;1.301
20.64;1.297
20.64;1.298
20.611;1.297
20.611;1.284
20.595;1.305
20.591;1.297
20.587;1.296
20.572;1.298
20.572;1.306
20.572;1.316
20.572;1.298
20.581;1.266
20.581;1.286
20.581;1.309
20.594;1.31
20.619;1.318
20.619;1.296
20.653;1.334
20.653;1.314
20.624;1.31
20.594;1.301
20.565;1.296
20.608;1.296
20.565;1.295
20.565;1.289
20.515;1.328
20.498;1.308
20.498;1.309
20.565;1.297
20.565;1.309
20.605;1.306
20.605;1.315
20.605;1.305
20.605;1.312
20.605;1.312
20.605;1.248
20.605;1.31
20.601;1.262
20.579;1.349
20.544;1.259
20.529;1.311
20.529;1.32
20.529;1.294
20.544;1.297
20.544;1.325
20.561;1.33
20.582;1.302
20.582;1.316
20.607;1.308
20.616;1.31
20.616;1.318
20.616;1.301
20.623;1.291
20.607;1.319
20.607;1.304
20.623;1.308
20.623;1.309
20.607;1.356
20.597;1.309
20.597;1.27
20.599;1.282
20.599;1.282
20.599;1.293
20.599;1.296
20.599;1.295
20.577;1.303
20.584;1.289
20.566;1.309
20.588;1.307
20.566;1.305
20.546;1.25
20.553;1.286
20.553;1.264
20.553;1.302
20.553;1.312
20.598;1.307
20.578;1.278
20.578;1.305
20.541;1.311
20.541;1.314
20.541;1.307
20.541;1.296
20.522;1.298
20.541;1.317
20.541;1.308
20.541;1.308
20.555;1.256
20.562;1.323
20.562;1.312
20.562;1.32
20.565;1.297
20.601;1.313
20.601;1.315
20.601;1.294
20.588;1.328
20.625;1.305
20.588;1.271
20.556;1.303
20.556;1.316
20.556;1.327
20.546;1.314
20.546;1.289
20.546;1.313
20.546;1.309
20.543;1.318
20.543;1.304
20.543;1.275
20.567;1.316
20.567;1.326
20.563;1.264
20.563;1.304
20.533;1.294
20.533;1.35
20.522;1.315
20.513;1.304
20.513;1.322
20.513;1.291
20.513;1.309
20.513;1.307
20.52;1.308
20.547;1.318
20.582;1.319
20.595;1.309
20.626;1.319
20.657;1.322
20.626;1.291
20.595;1.31
20.595;1.315
20.595;1.308
20.582;1.358
20.565;1.308
20.553;1.303
20.553;1.246
20.553;1.301
20.545;1.3
20.553;1.279
20.558;1.302
20.558;1.299
20.586;1.297
20.586;1.297
20.586;1.298
20.587;1.298
20.587;1.3
20.587;1.298
20.62;1.326
20.587;1.289
20.6;1.299
20.586;1.305
20.563;1.3
20.563;1.322
20.586;1.302
20.577;1.331
20.577;1.309
20.577;1.313
20.553;1.31
20.576;1.3
20.546;1.305
20.542;1.306
20.549;1.302
20.542;1.336
20.526;1.29
20.526;1.36
20.509;1.251
20.509;1.28
20.529;1.316
20.509;1.307
20.529;1.294
20.518;1.266
20.518;1.322
20.518;1.297
20.546;1.315
20.574;1.331
20.574;1.281
20.574;1.271
20.611;1.308
20.625;1.3
20.613;1.311
20.632;1.321
20.623;1.329
20.632;1.3
20.632;1.311
20.623;1.363
20.623;1.305
20.606;1.292
20.582;1.32
20.559;1.309
20.538;1.307
20.538;1.315
20.538;1.278
20.538;1.307
20.549;1.289
20.549;1.31
20.549;1.314
20.55;1.35
20.563;1.291
20.563;1.382
20.577;1.324
20.563;1.304
20.549;1.301
20.512;1.31
20.488;1.246
20.488;1.239
20.518;1.316
20.518;1.299
20.507;1.313
20.507;1.315
20.507;1.308
20.524;1.317
20.562;1.356
20.585;1.348
20.585;1.312
20.571;1.355
20.592;1.284
20.58;1.292
20.58;1.346
20.58;1.301
20.58;1.287
20.58;1.263
20.58;1.294
20.586;1.297
20.586;1.306
20.586;1.311
20.586;1.308
20.571;1.313
20.571;1.301
20.571;1.31
20.573;1.352
20.573;1.302
20.565;1.301
20.523;1.307
20.523;1.303
20.523;1.309
20.502;1.306
20.502;1.305
20.488;1.297
20.492;1.294
20.492;1.288
20.492;1.295
20.492;1.32
20.501;1.302
20.51;1.309
20.517;1.325
20.532;1.298
20.532;1.313
20.541;1.316
20.581;1.316
20.541;1.34
20.58;1.29
20.58;1.355
20.624;1.26
20.624;1.266
20.627;1.347
20.637;1.359
20.637;1.304
20.637;1.3
20.639;1.318
20.647;1.304
20.639;1.311
20.59;1.309
20.54;1.349
20.587;1.3
20.587;1.249
20.547;1.252
20.594;1.296
20.601;1.283
20.561;1.292
20.561;1.298
20.588;1.32
20.598;1.306
20.621;1.307
20.598;1.303
20.595;1.268
20.605;1.306
20.605;1.33
20.605;1.296
20.609;1.291
20.606;1.321
20.606;1.321
20.606;1.317
20.606;1.303
20.606;1.252
20.603;1.372
20.603;1.302
20.604;1.322
20.604;1.309
20.577;1.322
20.591;1.292
20.568;1.314
20.568;1.307
20.545;1.303
20.568;1.299
20.577;1.307
20.56;1.315
20.545;1.254
20.545;1.317
20.539;1.309
20.539;1.314
20.55;1.294
20.55;1.349
20.565;1.311
20.565;1.312
20.55;1.306
20.569;1.308
20.579;1.34
20.605;1.307
20.615;1.285
20.591;1.283
20.624;1.32
20.591;1.282
20.615;1.319
20.615;1.316
20.615;1.31
20.594;1.299
20.582;1.311
20.548;1.307
20.533;1.295
20.548;1.309
20.533;1.313
20.533;1.293
20.533;1.306
20.533;1.273
20.533;1.269
20.52;1.312
20.548;1.321
20.548;1.321
20.54;1.309
20.577;1.325
20.577;1.313
20.568;1.305
20.512;1.31
20.522;1.322
20.522;1.327
20.546;1.296
20.546;1.311
20.584;1.308
20.615;1.307
20.584;1.306
20.584;1.318
20.539;1.302
20.585;1.32
20.605;1.318
20.605;1.299
20.605;1.319
20.559;1.312
20.537;1.314
20.537;1.306
20.535;1.255
20.545;1.298
20.545;1.309
20.515;1.315
20.515;1.306
20.515;1.305
20.515;1.297
20.544;1.294
20.544;1.322
20.515;1.304
20.543;1.272
20.528;1.317
20.528;1.318
20.553;1.312
20.553;1.304
20.525;1.303
20.525;1.31
20.525;1.3
20.523;1.316
20.548;1.32
20.548;1.316
20.548;1.288
20.551;1.314
20.549;1.313
20.549;1.331
20.549;1.313
20.549;1.311
20.549;1.316
20.537;1.312
20.519;1.295
20.519;1.313
20.552;1.309
20.519;1.31
20.545;1.303
20.545;1.297
20.578;1.283
20.578;1.292
20.578;1.294
20.6;1.304
20.613;1.321
20.61;1.322
20.61;1.319
20.61;1.315
20.61;1.259
20.575;1.301
20.542;1.297
20.577;1.314
20.56;1.312
20.56;1.308
20.56;1.31
20.543;1.289
20.56;1.34
20.56;1.311
20.56;1.362
20.586;1.302
20.586;1.313
20.586;1.316
20.569;1.258
20.569;1.295
20.541;1.296
20.527;1.301
20.527;1.297
20.544;1.317
20.587;1.307
20.546;1.308
20.546;1.301
20.504;1.294
20.504;1.302
20.484;1.313
20.504;1.299
20.531;1.291
20.531;1.267
20.531;1.286
20.531;1.297
20.515;1.301
20.523;1.32
20.548;1.327
20.56;1.313
20.56;1.358
20.549;1.301
20.597;1.27
20.549;1.312
20.549;1.282
20.549;1.356
20.549;1.309
20.549;1.312
20.596;1.306
20.596;1.313
20.596;1.314
20.594;1.307
20.533;1.327
20.582;1.316
20.533;1.312
20.533;1.327
20.533;1.302
20.522;1.297
20.522;1.3
20.513;1.36
20.518;1.339
20.547;1.247
20.569;1.298
20.538;1.289
20.569;1.281
20.538;1.303
20.538;1.31
20.566;1.296
20.537;1.297
20.535;1.372
20.535;1.314
20.535;1.334
20.535;1.293
20.576;1.305
20.576;1.306
20.576;1.299
20.613;1.291
20.613;1.299
20.647;1.294
20.663;1.312
20.663;1.307
20.663;1.312
20.62;1.303
20.567;1.303
20.567;1.322
20.567;1.31
20.567;1.29
20.567;1.303
20.565;1.297
20.539;1.314
20.524;1.308
20.518;1.299
20.524;1.343
20.554;1.316
20.524;1.29
20.524;1.307
20.524;1.258
20.518;1.303
20.518;1.247
20.541;1.295
20.588;1.322
20.588;1.307
20.541;1.293
20.541;1.307
20.583;1.309
20.583;1.304
20.541;1.329
20.583;1.295
20.583;1.312
20.536;1.316
20.5;1.3
20.537;1.324
20.537;1.309
20.537;1.316
20.537;1.307
20.568;1.304
20.568;1.248
20.568;1.312
20.552;1.306
20.573;1.299
20.573;1.305
20.573;1.335
20.601;1.259
20.586;1.305
20.57;1.312
20.543;1.316
20.565;1.327
20.565;1.308
20.551;1.298
20.522;1.31
20.551;1.301
20.578;1.296
20.551;1.315
20.551;1.323
20.589;1.322
20.617;1.319
20.64;1.311
20.617;1.304
20.617;1.24
20.617;1.31
20.629;1.317
20.64;1.287
20.64;1.317
20.63;1.279
20.63;1.325
20.611;1.316
20.611;1.271
20.611;1.346
20.611;1.347
20.63;1.314
20.612;1.301
20.563;1.319
20.552;1.31
20.53;1.299
20.53;1.326
20.527;1.365
20.515;1.369
20.527;1.304
20.534;1.333
20.534;1.325
20.559;1.292
20.577;1.293
20.591;1.283
20.591;1.289
20.581;1.323
20.581;1.298
20.581;1.299
20.569;1.302
20.581;1.304
20.605;1.291
20.595;1.315
20.587;1.307
20.587;1.28
20.577;1.319
20.597;1.311
20.597;1.312
20.597;1.297
20.597;1.284
20.586;1.303
20.573;1.3
20.55;1.356
20.522;1.3
20.507;1.3
20.507;1.269
20.507;1.297
20.518;1.292
20.546;1.301
20.518;1.302
20.518;1.313
20.518;1.302
20.518;1.304
20.522;1.301
20.544;1.299
20.581;1.314
20.545;1.307
20.545;1.294
20.545;1.319
20.545;1.355
20.561;1.313
20.6;1.257
20.6;1.347
20.6;1.296
20.561;1.328
20.547;1.309
20.586;1.297
20.545;1.3
20.545;1.298
20.592;1.261
20.545;1.269
20.542;1.297
20.566;1.317
20.566;1.345
20.592;1.308
20.612;1.315
20.585;1.298
20.589;1.305
20.566;1.304
20.561;1.301
20.561;1.295
20.563;1.323
20.542;1.31
20.515;1.345
20.515;1.307
20.502;1.3
20.515;1.299
20.502;1.303
20.493;1.299
20.493;1.296
20.493;1.357
20.493;1.317
20.493;1.294
20.505;1.302
20.493;1.293
20.498;1.287
20.498;1.264
20.524;1.296
20.529;1.344
20.529;1.318
20.543;1.292
20.543;1.294
20.543;1.307
20.529;1.36
20.543;1.295
20.549;1.292
20.562;1.265
20.569;1.297
20.603;1.306
20.582;1.295
20.566;1.296
20.6;1.289
20.6;1.289
20.6;1.292
20.584;1.304
20.584;1.309
20.566;1.323
20.555;1.29
20.541;1.305
20.541;1.338
20.561;1.318
20.561;1.308
20.58;1.307
20.587;1.302
20.587;1.295
20.578;1.316
20.587;1.309
20.591;1.328
20.594;1.305
20.594;1.345
20.594;1.312
20.594;1.302
20.597;1.283
20.597;1.31
20.571;1.294
20.576;1.308
20.555;1.301
20.555;1.312
20.529;1.306
20.509;1.314
20.534;1.31
20.509;1.302
20.504;1.314
20.504;1.294
20.533;1.309
20.504;1.297
20.528;1.317
20.528;1.316
20.563;1.3
20.58;1.293
20.58;1.307
20.58;1.291
20.593;1.288
20.58;1.253
20.593;1.311
20.601;1.298
20.601;1.269
20.593;1.359
20.562;1.3
20.534;1.319
20.534;1.245
20.534;1.301
20.534;1.323
20.56;1.321
20.56;1.3
20.56;1.302
20.583;1.298
20.583;1.309
20.583;1.306
20.59;1.303
20.583;1.365
20.583;1.312
20.583;1.293
20.589;1.283
20.592;1.325
20.604;1.31
20.598;1.313
20.598;1.304
20.633;1.329
20.633;1.327
20.633;1.298
20.633;1.287
20.598;1.299
20.564;1.293
20.555;1.296
20.55;1.315
20.55;1.326
20.555;1.297
20.55;1.264
20.55;1.313
20.55;1.254
20.55;1.299
20.55;1.315
20.55;1.343
20.545;1.315
20.561;1.308
20.553;1.291
20.534;1.295
20.534;1.29
20.537;1.302
20.537;1.258
20.563;1.301
20.563;1.309
20.563;1.311
20.587;1.331
20.59;1.299
20.615;1.319
20.623;1.252
20.623;1.297
20.623;1.254
20.615;1.314
20.592;1.304
20.555;1.311
20.555;1.278
20.555;1.285
20.555;1.32
20.528;1.315
20.528;1.349
20.528;1.325
20.574;1.319
20.566;1.313
20.557;1.306
20.599;1.297
20.599;1.302
20.573;1.292
20.573;1.285
20.606;1.301
20.573;1.307
20.573;1.312
20.573;1.314
20.573;1.318
20.573;1.307
20.545;1.264
20.52;1.304
20.568;1.306
20.542;1.31
20.52;1.309
20.51;1.303
20.505;1.325
20.505;1.304
20.505;1.306
20.505;1.274
20.505;1.32
20.529;1.366
20.505;1.323
20.505;1.312
20.529;1.306
20.571;1.308
20.572;1.298
20.578;1.305
20.578;1.309
20.608;1.286
20.578;1.309
20.578;1.292
20.578;1.302
20.557;1.272
20.557;1.279
20.551;1.304
20.557;1.28
20.54;1.299
20.564;1.296
20.564;1.319
20.582;1.316
20.582;1.299
20.603;1.33
20.603;1.317
20.603;1.293
20.603;1.351
20.603;1.299
20.609;1.313
20.609;1.308
20.592;1.289
20.592;1.312
20.574;1.301
20.565;1.313
20.576;1.346
20.565;1.291
20.565;1.297
20.538;1.295
20.538;1.299
20.567;1.308
20.567;1.342
20.53;1.304
20.53;1.308
20.53;1.337
20.53;1.361
20.551;1.304
20.551;1.269
20.598;1.301
20.551;1.288
20.571;1.289
20.571;1.299
20.619;1.279
20.619;1.306
20.571;1.29
20.531;1.25
20.517;1.317
20.517;1.322
20.503;1.301
20.5;1.305
20.5;1.314
20.5;1.302
20.497;1.285
20.5;1.311
20.515;1.294
20.54;1.302
20.589;1.296
20.547;1.292
20.59;1.343
20.59;1.285
20.547;1.295
20.537;1.307
20.547;1.331
20.547;1.336
20.547;1.299
20.537;1.314
20.537;1.289
20.582;1.296
20.565;1.306
20.616;1.254
20.616;1.305
20.616;1.333
20.599;1.298
20.599;1.31
20.63;1.298
20.63;1.326
20.599;1.354
20.567;1.291
20.567;1.325
20.567;1.3
20.518;1.297
20.495;1.297
20.558;1.273
20.495;1.287
20.495;1.297
20.513;1.311
20.518;1.304
20.528;1.298
20.518;1.327
20.518;1.319
20.528;1.295
20.534;1.294
20.528;1.303
20.528;1.288
20.518;1.297
20.52;1.299
20.521;1.296
20.55;1.301
20.561;1.315
20.553;1.285
20.553;1.319
20.537;1.296
20.537;1.284
20.537;1.264
20.537;1.313
20.537;1.304
20.54;1.301
20.537;1.273
20.536;1.294
20.536;1.276
20.531;1.31
20.531;1.29
20.536;1.305
20.536;1.304
20.535;1.291
20.546;1.299
20.526;1.315
20.546;1.295
20.582;1.311
20.516;1.308
20.568;1.292
20.526;1.302
20.506;1.31
20.506;1.305
20.506;1.302
20.502;1.312
20.518;1.295
20.502;1.314
20.502;1.291
20.518;1.314
20.518;1.315
20.518;1.298
20.501;1.301
20.53;1.315
20.552;1.247
20.552;1.298
20.543;1.308
20.543;1.363
20.555;1.288
20.568;1.293
20.568;1.347
20.596;1.296
20.596;1.292
20.593;1.348
20.574;1.309
20.593;1.314
20.593;1.277
20.625;1.266
20.619;1.294
20.593;1.294
20.589;1.303
20.573;1.281
20.567;1.309
20.545;1.273
20.567;1.321
20.567;1.312
20.579;1.266
20.579;1.295
20.56;1.299
20.579;1.324
20.594;1.334
20.622;1.306
20.629;1.335
20.629;1.309
20.642;1.315
20.662;1.319
20.691;1.29
20.691;1.321
20.72;1.321
20.73;1.309
20.72;1.324
20.696;1.291
20.679;1.303
20.692;1.282
20.692;1.3
20.692;1.31
20.691;1.307
20.703;1.34
20.691;1.336
20.691;1.31
20.691;1.294
20.703;1.29
20.712;1.328
20.728;1.306
20.73;1.301
20.73;1.298
20.746;1.33
20.746;1.275
20.779;1.315
20.779;1.333
20.809;1.275
20.809;1.33
20.809;1.317
20.798;1.266
20.809;1.337
20.798;1.334
20.798;1.336
20.798;1.272
20.798;1.313
20.798;1.271
20.794;1.301
20.794;1.306
20.794;1.306
20.774;1.295
20.774;1.267
20.774;1.294
20.751;1.282
20.751;1.323
20.751;1.316
20.751;1.338
20.752;1.316
20.749;1.325
20.775;1.315
20.775;1.316
20.775;1.323
20.817;1.317
20.833;1.311
20.833;1.339
20.833;1.325
20.856;1.297
20.889;1.329
20.889;1.282
20.9;1.254
20.907;1.281
20.907;1.325
20.901;1.309
20.907;1.287
20.907;1.329
20.913;1.309
20.919;1.288
20.912;1.294
20.927;1.297
20.927;1.328
20.916;1.291
20.916;1.28
20.916;1.346
20.904;1.285
20.888;1.279
20.873;1.313
20.873;1.29
20.888;1.325
20.888;1.309
20.904;1.296
20.915;1.314
20.915;1.307
20.935;1.34
20.935;1.322
20.935;1.354
20.94;1.311
20.935;1.317
20.945;1.325
20.944;1.315
20.932;1.315
20.932;1.293
20.939;1.29
20.939;1.327
20.95;1.284
20.95;1.289
20.939;1.292
20.95;1.313
20.967;1.322
21.001;1.287
21.014;1.272
21.03;1.271
21.03;1.281
21.001;1.317
21.037;1.322
21.064;1.306
21.073;1.285
21.083;1.312
21.083;1.279
21.073;1.276
21.044;1.255
21.035;1.3
21.057;1.321
21.057;1.342
21.057;1.316
21.071;1.3
21.071;1.317
21.071;1.279
21.117;1.281
21.117;1.307
21.117;1.293
21.157;1.33
21.157;1.324
21.17;1.268
21.155;1.293
21.139;1.314
21.115;1.317
21.115;1.3
21.115;1.298
21.152;1.271
21.152;1.32
21.152;1.258
21.169;1.309
21.183;1.361
21.214;1.304
21.235;1.291
21.251;1.293
21.27;1.291
21.27;1.273
21.27;1.289
21.289;1.294
21.27;1.284
21.277;1.316
21.29;1.295
21.277;1.337
21.26;1.302
21.235;1.323
21.218;1.308
21.218;1.305
21.235;1.302
21.235;1.327
21.225;1.276
21.225;1.307
21.194;1.297
21.171;1.345
21.194;1.313
21.205;1.32
21.239;1.299
21.274;1.345
21.239;1.315
21.265;1.303
21.275;1.326
21.24;1.322
21.275;1.351
21.291;1.281
21.271;1.283
21.291;1.294
21.271;1.273
21.271;1.323
21.311;1.283
21.271;1.293
21.301;1.336
21.316;1.297
21.298;1.288
21.297;1.292
21.297;1.319
21.273;1.284
21.297;1.297
21.297;1.294
21.297;1.288
21.316;1.323
21.348;1.32
21.375;1.331
21.388;1.298
21.388;1.325
21.388;1.301
21.389;1.313
21.384;1.295
21.384;1.279
21.38;1.313
21.38;1.307
21.38;1.337
21.387;1.301
21.38;1.267
21.387;1.304
21.387;1.364
21.395;1.298
21.407;1.289
21.395;1.303
21.395;1.299
21.395;1.3
21.399;1.27
21.377;1.284
21.384;1.344
21.366;1.268
21.391;1.25
21.391;1.33
21.366;1.269
21.391;1.319
21.446;1.325
21.446;1.322
21.446;1.293
21.493;1.307
21.493;1.298
21.517;1.305
21.543;1.308
21.526;1.319
21.526;1.296
21.56;1.277
21.534;1.248
21.509;1.335
21.544;1.273
21.511;1.27
21.562;1.336
21.562;1.307
21.511;1.297
21.519;1.303
21.562;1.284
21.563;1.282
21.563;1.303
21.567;1.308
21.524;1.308
21.567;1.328
21.567;1.337
21.524;1.314
21.524;1.314
21.537;1.307
21.519;1.33
21.519;1.285
21.537;1.334
21.577;1.291
21.61;1.347
21.606;1.281
21.606;1.298
21.62;1.326
21.661;1.316
21.661;1.303
21.661;1.335
21.682;1.333
21.682;1.268
21.65;1.252
21.618;1.273
21.65;1.307
21.65;1.298
21.618;1.334
21.618;1.276
21.65;1.31
21.705;1.322
21.671;1.335
21.708;1.333
21.708;1.323
21.708;1.296
21.683;1.272
21.683;1.34
21.698;1.301
21.683;1.286
21.681;1.291
21.681;1.343
21.681;1.326
21.68;1.319
21.68;1.302
21.682;1.287
21.696;1.303
21.696;1.284
21.715;1.319
21.768;1.283
21.789;1.314
21.789;1.292
21.796;1.32
21.806;1.298
21.806;1.268
21.802;1.259
21.802;1.326
21.817;1.306
21.805;1.287
21.787;1.302
21.787;1.281
21.798;1.311
21.787;1.3
21.773;1.323
21.773;1.327
21.773;1.32
21.773;1.299
21.773;1.31
21.773;1.309
21.784;1.294
21.781;1.305
21.781;1.297
21.795;1.304
21.795;1.279
21.814;1.282
21.843;1.29
21.865;1.326
21.865;1.312
21.843;1.293
21.853;1.303
21.853;1.242
21.853;1.272
21.874;1.315
21.876;1.297
21.876;1.281
21.876;1.313
21.901;1.313
21.901;1.314
21.901;1.328
21.875;1.321
21.883;1.338
21.907;1.313
21.921;1.285
21.903;1.297
21.903;1.295
21.903;1.29
21.903;1.27
21.903;1.337
21.913;1.299
21.925;1.303
21.933;1.312
21.958;1.291
21.958;1.374
21.963;1.361
21.987;1.275
21.987;1.297
21.988;1.301
22.001;1.313
22.001;1.32
22.011;1.326
22.016;1.309
22.016;1.322
22.016;1.341
22.022;1.296
22.053;1.297
22.053;1.309
22.029;1.306
22.029;1.259
22.037;1.268
22.037;1.294
22.043;1.319
22.045;1.347
22.045;1.301
22.042;1.304
22.042;1.266
22.042;1.307
22.045;1.299
22.042;1.273
22.046;1.297
22.042;1.359
22.042;1.287
22.045;1.268
22.048;1.314
22.048;1.233
22.048;1.317
22.057;1.308
22.048;1.311
22.067;1.279
22.067;1.32
22.071;1.312
22.09;1.323
22.108;1.283
22.114;1.248
22.125;1.337
22.125;1.316
22.134;1.311
22.168;1.29
22.137;1.321
22.169;1.309
22.175;1.304
22.175;1.333
22.175;1.326
22.175;1.315
22.175;1.292
22.143;1.261
22.143;1.351
22.143;1.302
22.168;1.292
22.168;1.333
22.154;1.312
22.195;1.302
22.195;1.276
22.195;1.318
22.182;1.28
22.195;1.317
22.191;1.301
22.205;1.29
22.233;1.326
22.2;1.306
22.24;1.288
22.2;1.307
22.24;1.324
22.24;1.335
22.24;1.281
22.233;1.307
22.252;1.26
22.252;1.309
22.233;1.295
22.246;1.283
22.246;1.345
22.258;1.306
22.258;1.292
22.286;1.289
22.287;1.286
22.33;1.278
22.335;1.285
22.308;1.292
22.335;1.352
22.361;1.338
22.335;1.333
22.339;1.291
22.339;1.297
22.369;1.316
22.369;1.306
22.339;1.303
22.369;1.309
22.369;1.32
22.363;1.287
22.328;1.327
22.328;1.317
22.328;1.334
22.328;1.285
22.315;1.315
22.341;1.328
22.361;1.264
22.361;1.288
22.369;1.261
22.372;1.289
22.384;1.288
22.401;1.291
22.419;1.278
22.401;1.301
22.401;1.298
22.382;1.284
22.382;1.277
22.401;1.312
22.419;1.297
22.407;1.305
22.417;1.296
22.387;1.361
22.354;1.352
22.387;1.329
22.387;1.32
22.408;1.309
22.447;1.314
22.447;1.304
22.447;1.293
22.447;1.302
22.384;1.282
22.438;1.249
22.472;1.283
22.472;1.28
22.48;1.299
22.472;1.272
22.472;1.301
22.472;1.298
22.465;1.31
22.472;1.277
22.478;1.27
22.503;1.363
22.503;1.323
22.503;1.301
22.503;1.326
22.537;1.313
22.524;1.289
22.524;1.289
22.524;1.294
22.524;1.289
22.524;1.264
22.512;1.229
22.512;1.319
22.527;1.304
22.527;1.279
22.526;1.318
22.533;1.304
22.533;1.328
22.536;1.299
22.54;1.319
22.54;1.297
22.555;1.29
22.555;1.308
22.578;1.323
22.578;1.312
22.578;1.36
22.578;1.349
22.578;1.325
22.569;1.305
22.58;1.322
22.58;1.293
22.58;1.272
22.6;1.283
22.617;1.332
22.597;1.235
22.657;1.289
22.689;1.293
22.654;1.286
22.677;1.274
22.645;1.285
22.645;1.297
22.645;1.306
22.645;1.296
22.66;1.299
22.66;1.339
22.656;1.253
22.656;1.289
22.656;1.301
22.641;1.359
22.656;1.336
22.684;1.294
22.662;1.299
22.662;1.339
22.662;1.308
22.662;1.302
22.687;1.326
22.687;1.324
22.714;1.251
22.714;1.293
22.741;1.302
22.711;1.345
22.728;1.315
22.764;1.311
22.789;1.315
22.798;1.299
22.789;1.305
22.798;1.298
22.785;1.312
22.798;1.313
22.785;1.284
22.798;1.291
22.798;1.322
22.798;1.304
22.815;1.315
22.816;1.327
22.816;1.309
22.816;1.307
22.83;1.296
22.83;1.321
22.83;1.289
22.828;1.303
22.828;1.307
22.828;1.291
22.822;1.219
22.808;1.263
22.822;1.32
22.808;1.32
22.808;1.291
22.82;1.343
22.81;1.34
22.81;1.294
22.81;1.331
22.81;1.334
22.833;1.309
22.862;1.301
22.862;1.313
22.906;1.283
22.906;1.294
22.88;1.323
22.906;1.269
22.88;1.293
22.88;1.307
22.88;1.304
22.918;1.327
22.902;1.299
22.876;1.279
22.876;1.26
22.889;1.278
22.915;1.292
22.915;1.346
22.937;1.31
22.937;1.297
22.954;1.266
22.954;1.29
22.96;1.275
22.969;1.311
22.979;1.326
22.979;1.351
22.979;1.302
22.987;1.337
22.998;1.316
23.029;1.278
22.998;1.351
23.031;1.284
23.031;1.32
23.046;1.277
23.046;1.289
23.046;1.31
23.046;1.312
23.019;1.326
23.027;1.298
23.014;1.31
23.027;1.319
23.027;1.28
23.027;1.345
23.014;1.32
23.034;1.329
23.034;1.308
23.013;1.273
23.034;1.295
23.025;1.305
23.071;1.326
23.06;1.29
23.085;1.332
23.04;1.276
23.085;1.273
23.04;1.321
23.089;1.281
23.089;1.318
23.062;1.302
23.095;1.297
23.095;1.298
23.084;1.281
23.07;1.289
23.103;1.308
23.103;1.276
23.144;1.309
23.103;1.334
23.144;1.278
23.144;1.296
23.183;1.338
23.186;1.302
23.19;1.292
23.19;1.315
23.19;1.313
23.19;1.308
23.19;1.318
23.213;1.318
23.19;1.325
23.213;1.324
23.203;1.299
23.201;1.314
23.192;1.292
23.192;1.285
23.178;1.349
23.149;1.353
23.166;1.293
23.166;1.261
23.182;1.284
23.182;1.285
23.182;1.312
23.182;1.27
23.201;1.298
23.224;1.317
23.229;1.278
23.229;1.328
23.229;1.283
23.244;1.294
23.254;1.322
23.26;1.32
23.266;1.281
23.263;1.322
23.26;1.356
23.263;1.29
23.263;1.295
23.284;1.307
23.284;1.268
23.284;1.274
23.306;1.279
23.299;1.304
23.299;1.333
23.299;1.306
23.299;1.303
23.299;1.287
23.299;1.289
23.286;1.289
23.286;1.356
23.286;1.351
23.27;1.347
23.27;1.322
23.27;1.281
23.27;1.312
23.285;1.36
23.285;1.3
23.301;1.292
23.332;1.301
23.332;1.331
23.332;1.278
23.39;1.273
23.39;1.317
23.361;1.302
23.386;1.335
23.386;1.302
23.411;1.308
23.411;1.287
23.393;1.318
23.393;1.386
23.393;1.294
23.393;1.312
23.393;1.297
23.411;1.291
23.437;1.293
23.477;1.328
23.477;1.346
23.419;1.305
23.444;1.306
23.444;1.319
23.425;1.316
23.425;1.289
23.469;1.298
23.425;1.286
23.395;1.33
23.392;1.273
23.412;1.312
23.422;1.314
23.422;1.293
23.422;1.293
23.466;1.294
23.466;1.302
23.466;1.278
23.482;1.28
23.482;1.288
23.524;1.289
23.524;1.311
23.482;1.294
23.432;1.302
23.504;1.285
23.505;1.345
23.448;1.337
23.448;1.31
23.478;1.282
23.577;1.317
23.577;1.322
23.653;1.309
23.653;1.328
23.661;1.317
23.664;1.302
23.651;1.321
23.651;1.309
23.651;1.322
23.651;1.308
23.637;1.302
23.637;1.319
23.632;1.321
23.632;1.303
23.613;1.282
23.612;1.254
23.612;1.285
23.608;1.271
23.599;1.31
23.599;1.307
23.61;1.273
23.61;1.31
23.599;1.238
23.61;1.256
23.619;1.301
23.619;1.301
23.651;1.303
23.679;1.293
23.679;1.294
23.679;1.3
23.696;1.314
23.665;1.339
23.696;1.347
23.665;1.285
23.645;1.277
23.665;1.296
23.645;1.301
23.645;1.305
23.628;1.353
23.628;1.322
23.628;1.301
23.692;1.319
23.675;1.277
23.729;1.309
23.751;1.302
23.729;1.292
23.729;1.294
23.704;1.295
23.734;1.309
23.734;1.314
23.744;1.277
23.704;1.326
23.736;1.326
23.736;1.329
23.724;1.283
23.764;1.305
23.764;1.295
23.78;1.272
23.78;1.343
23.78;1.318
23.831;1.327
23.831;1.3
23.831;1.314
23.831;1.313
23.877;1.292
23.877;1.289
23.877;1.283
23.877;1.295
23.879;1.293
23.895;1.306
23.895;1.295
23.895;1.312
23.879;1.298
23.884;1.305
23.878;1.309
23.878;1.342
23.844;1.29
23.801;1.347
23.801;1.323
23.801;1.286
23.801;1.275
23.801;1.25
23.818;1.271
23.818;1.312
23.817;1.338
23.832;1.294
23.842;1.296
23.872;1.308
23.872;1.294
23.926;1.284
23.926;1.311
23.926;1.368
23.926;1.32
23.926;1.3
23.952;1.321
23.952;1.32
23.952;1.299
23.96;1.332
23.955;1.323
23.909;1.27
23.909;1.285
23.909;1.251
23.869;1.337
23.868;1.284
23.868;1.328
23.871;1.292
23.871;1.326
23.868;1.313
23.871;1.328
23.89;1.314
23.92;1.319
23.929;1.273
23.957;1.288
23.987;1.289
23.998;1.329
23.987;1.293
23.998;1.26
24.023;1.322
24.022;1.291
24.041;1.28
24.041;1.31
24.041;1.251
24.041;1.271
24.046;1.293
24.041;1.308
24.046;1.28
24.046;1.305
24.077;1.289
24.077;1.296
24.049;1.249
24.107;1.32
24.116;1.26
24.118;1.319
24.112;1.329
24.112;1.273
24.112;1.275
24.111;1.337
24.108;1.343
24.111;1.32
24.111;1.253
24.108;1.289
24.101;1.274
24.101;1.301
24.083;1.359
24.083;1.293
24.063;1.273
24.083;1.318
24.085;1.343
24.085;1.313
24.077;1.323
24.106;1.309
24.144;1.353
24.137;1.313
24.137;1.299
24.137;1.301
24.146;1.327
24.146;1.301
24.163;1.344
24.163;1.302
24.217;1.303
24.216;1.313
24.206;1.298
24.206;1.299
24.224;1.298
24.224;1.294
24.224;1.29
24.224;1.284
24.224;1.288
24.206;1.266
24.206;1.273
24.222;1.284
24.215;1.296
24.265;1.315
24.213;1.313
24.175;1.301
24.199;1.275
24.23;1.305
24.227;1.295
24.238;1.324
24.238;1.309
24.227;1.296
24.238;1.35
24.227;1.313
24.238;1.255
24.238;1.301
24.268;1.299
24.315;1.314
24.338;1.293
24.341;1.28
24.317;1.293
24.317;1.309
24.317;1.26
24.317;1.291
24.292;1.328
24.315;1.313
24.338;1.264
24.338;1.284
24.313;1.296
24.313;1.321
24.338;1.31
24.34;1.294
24.338;1.284
24.34;1.304
24.374;1.265
24.415;1.3
24.415;1.322
24.455;1.322
24.503;1.331
24.473;1.287
24.49;1.29
24.473;1.29
24.473;1.292
24.49;1.308
24.475;1.231
24.405;1.306
24.475;1.293
24.434;1.32
24.371;1.345
24.371;1.3
24.362;1.318
24.399;1.343
24.408;1.3
24.408;1.28
24.422;1.284
24.427;1.332
24.427;1.326
24.437;1.319
24.457;1.314
24.437;1.296
24.437;1.299
24.437;1.306
24.454;1.329
24.483;1.291
24.483;1.316
24.483;1.31
24.493;1.327
24.482;1.324
24.451;1.309
24.482;1.295
24.498;1.289
24.503;1.311
24.503;1.292
24.508;1.335
24.503;1.239
24.503;1.222
24.498;1.287
24.505;1.285
24.505;1.304
24.505;1.313
24.535;1.272
24.535;1.298
24.537;1.33
24.534;1.27
24.534;1.263
24.534;1.302
24.558;1.304
24.558;1.302
24.558;1.292
24.558;1.308
24.575;1.28
24.596;1.318
24.596;1.342
24.61;1.303
24.638;1.259
24.652;1.297
24.652;1.281
24.652;1.269
24.674;1.261
24.652;1.299
24.674;1.275
24.649;1.311
24.649;1.313
24.649;1.287
24.641;1.331
24.641;1.318
24.666;1.298
24.666;1.248
24.641;1.267
24.641;1.288
24.641;1.306
24.681;1.271
24.681;1.282
24.725;1.295
24.737;1.306
24.737;1.301
24.725;1.329
24.712;1.322
24.712;1.274
24.712;1.286
24.694;1.266
24.694;1.288
24.723;1.304
24.715;1.276
24.694;1.319
24.679;1.272
24.694;1.349
24.7;1.306
24.7;1.307
24.738;1.318
24.738;1.288
24.698;1.276
24.698;1.335
24.715;1.289
24.755;1.302
24.755;1.273
24.757;1.325
24.715;1.271
24.757;1.286
24.757;1.341
24.771;1.326
24.785;1.303
24.771;1.237
24.771;1.315
24.785;1.28
24.791;1.318
24.791;1.291
24.791;1.297
24.798;1.303
24.798;1.293
24.798;1.293
24.79;1.29
24.811;1.295
24.819;1.311
24.817;1.29
24.817;1.31
24.817;1.302
24.82;1.285
24.82;1.297
24.859;1.314
24.858;1.289
24.875;1.282
24.876;1.319
24.876;1.277
24.882;1.295
24.882;1.317
24.882;1.31
24.882;1.303
24.869;1.305
24.869;1.302
24.895;1.293
24.928;1.273
24.895;1.272
24.895;1.302
24.895;1.333
24.908;1.279
24.906;1.3
24.884;1.297
24.879;1.315
24.855;1.315
24.855;1.284
24.855;1.286
24.879;1.339
24.906;1.33
24.906;1.282
24.908;1.283
24.926;1.297
24.931;1.282
24.951;1.299
24.951;1.299
24.951;1.272
24.943;1.279
24.923;1.314
24.923;1.33
24.943;1.295
24.958;1.303
24.943;1.259
24.958;1.289
24.958;1.323
24.951;1.317
24.953;1.304
24.965;1.298
24.965;1.309
24.965;1.292
24.974;1.305
24.974;1.297
24.974;1.242
24.974;1.285
24.956;1.287
24.978;1.329
25.005;1.298
25.026;1.295
25.026;1.221
25.026;1.258
25.044;1.326
25.044;1.295
25.077;1.298
25.088;1.318
25.088;1.311
25.088;1.325
25.1;1.302
25.114;1.279
25.114;1.294
25.114;1.34
25.114;1.347
25.129;1.313
25.129;1.317
25.134;1.281
25.145;1.317
25.145;1.311
25.145;1.341
25.145;1.298
25.145;1.306
25.145;1.296
25.181;1.304
25.135;1.296
25.181;1.287
25.147;1.285
25.183;1.306
25.183;1.315
25.183;1.308
25.187;1.344
25.196;1.325
25.175;1.299
25.166;1.303
25.175;1.281
25.166;1.296
25.175;1.293
25.175;1.311
25.175;1.268
25.183;1.289
25.197;1.342
25.197;1.306
25.219;1.31
25.234;1.325
25.239;1.273
25.239;1.296
25.239;1.302
25.239;1.249
25.239;1.281
25.204;1.31
25.213;1.281
25.213;1.351
25.213;1.335
25.213;1.28
25.17;1.293
25.213;1.298
25.262;1.289
25.262;1.335
25.288;1.293
25.33;1.299
25.332;1.274
25.343;1.309
25.368;1.287
25.407;1.294
25.407;1.284
25.381;1.349
25.365;1.227
25.365;1.272
25.365;1.326
25.365;1.31
25.342;1.267
25.302;1.292
25.302;1.287
25.302;1.27
25.302;1.3
25.308;1.275
25.366;1.275
25.374;1.336
25.379;1.3
25.379;1.32
25.42;1.297
25.433;1.312
25.428;1.325
25.417;1.358
25.43;1.3
25.428;1.301
25.439;1.326
25.439;1.296
25.439;1.324
25.439;1.316
25.442;1.27
25.428;1.259
25.482;1.328
25.482;1.288
25.482;1.307
25.53;1.252
25.489;1.303
25.489;1.328
25.53;1.291
25.526;1.292
25.526;1.314
25.53;1.301
25.529;1.334
25.529;1.304
25.531;1.3
25.501;1.316
25.531;1.287
25.531;1.308
25.53;1.344
25.506;1.264
25.506;1.3
25.466;1.299
25.47;1.247
25.51;1.268
25.51;1.289
25.543;1.294
25.529;1.324
25.564;1.324
25.599;1.324
25.599;1.309
25.603;1.304
25.603;1.335
25.603;1.307
25.574;1.291
25.538;1.297
25.538;1.337
25.572;1.292
25.572;1.306
25.572;1.296
25.598;1.308
25.572;1.296
25.587;1.292
25.598;1.311
25.602;1.268
25.602;1.287
25.61;1.255
25.609;1.322
25.616;1.279
25.608;1.278
25.594;1.309
25.608;1.332
25.616;1.316
25.616;1.309
25.626;1.339
25.639;1.309
25.629;1.31
25.62;1.312
25.596;1.307
25.62;1.316
25.62;1.254
25.62;1.295
25.596;1.313
25.616;1.311
25.616;1.297
25.603;1.31
25.61;1.314
25.623;1.316
25.623;1.321
25.61;1.271
25.623;1.278
25.623;1.305
25.647;1.298
25.636;1.298
25.636;1.299
25.668;1.328
25.678;1.289
25.678;1.328
25.683;1.3
25.705;1.283
25.731;1.301
25.773;1.29
25.718;1.284
25.773;1.321
25.812;1.321
25.812;1.348
25.773;1.386
25.775;1.294
25.775;1.299
25.762;1.284
25.801;1.296
25.793;1.323
25.793;1.308
25.793;1.257
25.793;1.315
25.803;1.322
25.803;1.302
25.803;1.31
25.803;1.314
25.818;1.322
25.803;1.334
25.818;1.324
25.818;1.309
25.819;1.257
25.844;1.308
25.844;1.318
25.861;1.317
25.855;1.28
25.893;1.325
25.893;1.284
25.92;1.339
25.92;1.329
25.92;1.304
25.915;1.275
25.915;1.277
25.915;1.28
25.907;1.353
25.907;1.3
25.907;1.332
25.907;1.317
25.896;1.286
25.907;1.316
25.922;1.276
25.933;1.286
25.911;1.337
25.87;1.318
25.87;1.338
25.911;1.31
25.911;1.269
25.939;1.311
25.963;1.291
25.939;1.322
25.919;1.285
25.919;1.317
25.963;1.282
25.963;1.332
25.985;1.289
25.97;1.29
25.955;1.322
25.963;1.3
25.947;1.269
25.963;1.294
25.984;1.304
25.963;1.363
25.963;1.29
25.983;1.303
25.971;1.33
25.99;1.306
25.99;1.316
26.003;1.329
26.006;1.298
26.006;1.259
26.011;1.277
26.059;1.293
26.105;1.322
26.111;1.281
26.12;1.322
26.114;1.316
26.114;1.343
26.109;1.296
26.109;1.268
26.105;1.287
26.055;1.295
26.035;1.333
26.035;1.322
26.035;1.32
26.005;1.295
25.987;1.309
25.988;1.297
25.988;1.34
26.021;1.296
26.045;1.285
26.059;1.331
26.089;1.287
26.068;1.284
26.058;1.324
26.058;1.312
26.07;1.307
26.065;1.292
26.076;1.307
26.1;1.325
26.134;1.312
26.124;1.307
26.124;1.294
26.128;1.302
26.138;1.283
26.138;1.296
26.138;1.327
26.142;1.316
26.162;1.29
26.206;1.303
26.207;1.3
26.242;1.339
26.242;1.293
26.242;1.305
26.224;1.321
26.242;1.293
26.249;1.35
26.268;1.294
26.268;1.295
26.253;1.335
26.253;1.29
26.253;1.319
26.251;1.283
26.259;1.307
26.262;1.352
26.262;1.304
26.259;1.313
26.258;1.284
26.258;1.281
26.258;1.324
26.259;1.279
26.258;1.316
26.258;1.286
26.26;1.303
26.247;1.283
26.247;1.286
26.26;1.302
26.269;1.278
26.269;1.269
26.291;1.338
26.279;1.278
26.294;1.319
26.309;1.304
26.294;1.297
26.294;1.285
26.294;1.376
26.302;1.295
26.295;1.345
26.34;1.33
26.34;1.287
26.378;1.318
26.346;1.291
26.327;1.29
26.372;1.326
26.395;1.316
26.395;1.283
26.395;1.279
26.395;1.327
26.397;1.337
26.376;1.314
26.353;1.297
26.366;1.293
26.366;1.289
26.357;1.33
26.357;1.296
26.366;1.314
26.366;1.299
26.375;1.295
26.375;1.319
26.375;1.322
26.375;1.295
26.397;1.307
26.397;1.357
26.42;1.318
26.397;1.309
26.359;1.245
26.379;1.309
26.379;1.316
26.346;1.323
26.387;1.335
26.432;1.255
26.459;1.32
26.459;1.306
26.457;1.288
26.467;1.284
26.467;1.324
26.467;1.318
26.452;1.291
26.467;1.324
26.467;1.295
26.461;1.306
26.438;1.3
26.452;1.257
26.451;1.299
26.451;1.312
26.459;1.325
26.459;1.339
26.474;1.302
26.474;1.295
26.485;1.342
26.507;1.297
26.551;1.331
26.591;1.294
26.591;1.32
26.591;1.31
26.608;1.288
26.608;1.312
26.566;1.305
26.556;1.288
26.598;1.296
26.615;1.315
26.603;1.237
26.603;1.274
26.622;1.306
26.603;1.321
26.55;1.298
26.593;1.32
26.612;1.336
26.641;1.321
26.641;1.316
26.612;1.289
26.612;1.343
26.627;1.302
26.588;1.296
26.627;1.294
26.656;1.297
26.661;1.317
26.683;1.298
26.681;1.278
26.681;1.287
26.681;1.283
26.681;1.307
26.675;1.341
26.711;1.312
26.677;1.317
26.643;1.334
26.643;1.287
26.643;1.279
26.643;1.339
26.643;1.282
26.683;1.29
26.724;1.292
26.736;1.305
26.724;1.291
26.724;1.296
26.724;1.322
26.736;1.335
26.736;1.326
26.748;1.358
26.741;1.3
26.741;1.346
26.731;1.302
26.724;1.264
26.731;1.342
26.731;1.267
26.731;1.303
26.71;1.294
26.697;1.308
26.697;1.296
26.697;1.259
26.715;1.282
26.697;1.318
26.725;1.316
26.725;1.327
26.765;1.305
26.784;1.304
26.784;1.32
26.784;1.264
26.784;1.316
26.784;1.324
26.77;1.3
26.787;1.307
26.77;1.307
26.768;1.291
26.755;1.321
26.755;1.329
26.764;1.31
26.776;1.314
26.776;1.322
26.776;1.305
26.776;1.323
26.771;1.29
26.776;1.297
26.811;1.282
26.863;1.251
26.863;1.311
26.871;1.32
26.894;1.282
26.871;1.271
26.871;1.295
26.894;1.305
26.899;1.276
26.912;1.27
26.922;1.284
26.941;1.301
26.968;1.274
26.95;1.314
26.991;1.293
26.991;1.292
26.991;1.308
26.972;1.299
26.979;1.292
26.972;1.328
26.965;1.334
26.965;1.345
26.965;1.34
26.965;1.294
26.926;1.322
26.89;1.312
26.907;1.29
26.913;1.306
26.9;1.297
26.904;1.322
26.904;1.282
26.904;1.3
26.9;1.356
26.904;1.253
26.904;1.317
26.913;1.27
26.955;1.287
27.025;1.315
27.036;1.29
27.036;1.316
27.036;1.32
27.048;1.284
27.052;1.282
27.064;1.277
27.096;1.298
27.064;1.29
27.096;1.278
27.096;1.33
27.096;1.315
27.121;1.316
27.1;1.315
27.1;1.287
27.064;1.282
27.037;1.3
27.037;1.308
27.055;1.3
27.055;1.262
27.066;1.273
27.066;1.242
27.066;1.32
27.103;1.298
27.103;1.278
27.134;1.303
27.146;1.343
27.134;1.338
27.146;1.292
27.163;1.282
27.164;1.347
27.173;1.286
27.174;1.325
27.178;1.282
27.178;1.313
27.174;1.326
27.174;1.317
27.174;1.313
27.181;1.318
27.186;1.272
27.199;1.317
27.199;1.295
27.2;1.325
27.2;1.271
27.205;1.309
27.213;1.327
27.208;1.234
27.229;1.316
27.238;1.31
27.253;1.291
27.253;1.289
27.279;1.298
27.303;1.33
27.332;1.288
27.292;1.309
27.327;1.322
27.327;1.335
27.314;1.288
27.314;1.28
27.298;1.288
27.298;1.304
27.298;1.306
27.298;1.278
27.287;1.307
27.298;1.323
27.298;1.305
27.287;1.313
27.31;1.283
27.31;1.271
27.334;1.288
27.346;1.284
27.334;1.271
27.334;1.301
27.346;1.32
27.346;1.316
27.366;1.308
27.366;1.287
27.353;1.318
27.362;1.32
27.359;1.328
27.339;1.303
27.339;1.335
27.339;1.304
27.318;1.335
27.339;1.358
27.339;1.276
27.356;1.284
27.345;1.311
27.326;1.313
27.343;1.338
27.377;1.29
27.399;1.317
27.377;1.326
27.385;1.28
27.396;1.267
27.409;1.289
27.409;1.331
27.428;1.304
27.428;1.347
27.396;1.223
27.396;1.307
27.357;1.318
27.396;1.291
27.376;1.327
27.376;1.298
27.376;1.301
27.46;1.299
27.515;1.331
27.527;1.335
27.527;1.312
27.527;1.282
27.531;1.313
27.527;1.341
27.527;1.359
27.517;1.285
27.52;1.29
27.486;1.322
27.486;1.295
27.486;1.293
27.525;1.308
27.544;1.267
27.533;1.33
27.544;1.335
27.544;1.311
27.544;1.323
27.544;1.31
27.552;1.298
27.55;1.299
27.547;1.293
27.552;1.289
27.552;1.317
27.57;1.312
27.552;1.341
27.561;1.271
27.561;1.249
27.561;1.312
27.561;1.301
27.56;1.298
27.589;1.303
27.589;1.341
27.589;1.294
27.551;1.296
27.551;1.292
27.586;1.308
27.6;1.343
27.548;1.356
27.548;1.281
27.563;1.299
27.563;1.296
27.574;1.321
27.574;1.305
27.59;1.303
27.607;1.316
27.607;1.32
27.623;1.309
27.623;1.279
27.623;1.247
27.628;1.306
27.628;1.325
27.623;1.32
27.638;1.303
27.672;1.342
27.672;1.293
27.662;1.286
27.606;1.308
27.662;1.331
27.662;1.294
27.641;1.279
27.596;1.335
27.686;1.349
27.686;1.305
27.691;1.291
27.605;1.377
27.684;1.311
27.771;1.306
27.771;1.274
27.771;1.285
27.771;1.31
27.771;1.298
27.755;1.288
27.755;1.318
27.725;1.319
27.755;1.301
27.734;1.303
27.709;1.294
27.689;1.304
27.709;1.279
27.709;1.307
27.734;1.352
27.709;1.317
27.709;1.311
27.759;1.314
27.746;1.341
27.759;1.337
27.759;1.287
27.759;1.244
27.759;1.286
27.787;1.299
27.787;1.281
27.836;1.331
27.836;1.29
27.875;1.315
27.875;1.336
27.875;1.338
27.894;1.262
27.894;1.312
27.885;1.289
27.875;1.308
27.882;1.31
27.908;1.299
27.927;1.306
27.907;1.316
27.941;1.312
27.962;1.32
27.941;1.303
27.962;1.341
27.962;1.277
27.986;1.278
27.962;1.279
27.989;1.28
27.943;1.289
27.99;1.312
27.954;1.322
27.906;1.297
27.922;1.318
27.922;1.325
27.923;1.354
27.923;1.299
27.926;1.311
27.923;1.328
27.926;1.318
27.923;1.299
27.926;1.288
27.943;1.316
27.943;1.341
27.958;1.297
27.958;1.335
27.976;1.328
28.006;1.294
28.016;1.323
28.016;1.336
28.019;1.305
28.019;1.297
28.019;1.354
28.025;1.33
28.035;1.32
28.025;1.275
28.024;1.29
28.04;1.301
28.04;1.292
28.04;1.305
28.04;1.303
28.038;1.33
28.05;1.325
28.038;1.308
28.012;1.33
28.012;1.306
27.992;1.314
27.992;1.315
28.021;1.317
28.021;1.311
28.038;1.291
28.057;1.307
28.057;1.351
28.088;1.319
28.104;1.287
28.119;1.296
28.137;1.337
28.137;1.32
28.159;1.296
28.138;1.274
28.162;1.33
28.162;1.293
28.17;1.318
28.17;1.334
28.161;1.317
28.151;1.332
28.136;1.315
28.12;1.293
28.12;1.308
28.128;1.263
28.128;1.315
28.145;1.317
28.145;1.351
28.158;1.321
28.177;1.336
28.177;1.312
28.182;1.295
28.182;1.288
28.194;1.28
28.194;1.351
28.194;1.284
28.187;1.338
28.188;1.319
28.182;1.292
28.182;1.332
28.182;1.32
28.181;1.36
28.188;1.304
28.181;1.261
28.188;1.318
28.188;1.267
28.207;1.279
28.23;1.32
28.247;1.327
28.269;1.317
28.269;1.339
28.295;1.338
28.269;1.327
28.295;1.287
28.295;1.332
28.295;1.321
28.295;1.275
28.313;1.3
28.296;1.301
28.296;1.329
28.296;1.301
28.296;1.301
28.319;1.304
28.319;1.326
28.336;1.332
28.356;1.286
28.356;1.338
28.371;1.319
28.371;1.341
28.381;1.311
28.381;1.306
28.381;1.285
28.381;1.332
28.378;1.319
28.378;1.325
28.335;1.351
28.365;1.316
28.365;1.312
28.369;1.299
28.357;1.308
28.369;1.288
28.38;1.293
28.38;1.291
28.38;1.299
28.371;1.317
28.39;1.304
28.417;1.274
28.39;1.278
28.417;1.314
28.44;1.333
28.44;1.301
28.44;1.316
28.44;1.311
28.44;1.293
28.44;1.348
28.445;1.296
28.443;1.328
28.443;1.318
28.436;1.302
28.436;1.338
28.43;1.332
28.42;1.327
28.43;1.303
28.443;1.307
28.437;1.299
28.42;1.306
28.404;1.276
28.403;1.284
28.411;1.281
28.411;1.319
28.411;1.325
28.421;1.301
28.421;1.339
28.421;1.305
28.461;1.294
28.508;1.313
28.533;1.301
28.561;1.338
28.561;1.318
28.587;1.32
28.587;1.297
28.587;1.306
28.587;1.352
28.601;1.291
28.587;1.325
28.616;1.32
28.569;1.329
28.556;1.302
28.556;1.31
28.556;1.291
28.583;1.331
28.583;1.306
28.583;1.328
28.556;1.288
28.583;1.295
28.583;1.286
28.583;1.314
28.591;1.293
28.615;1.309
28.595;1.35
28.627;1.312
28.627;1.294
28.627;1.319
28.675;1.303
28.675;1.313
28.635;1.321
28.635;1.32
28.635;1.333
28.634;1.302
28.677;1.304
28.634;1.34
28.677;1.35
28.678;1.273
28.678;1.307
28.634;1.299
28.678;1.328
28.678;1.318
28.68;1.271
28.698;1.316
28.68;1.334
28.698;1.291
28.683;1.299
28.685;1.306
28.693;1.285
28.711;1.307
28.711;1.307
28.732;1.334
28.733;1.308
28.731;1.329
28.745;1.314
28.731;1.286
28.735;1.308
28.735;1.321
28.735;1.281
28.75;1.318
28.75;1.311
28.75;1.276
28.761;1.301
28.761;1.313
28.742;1.309
28.754;1.326
28.761;1.288
28.773;1.325
28.773;1.298
28.782;1.269
28.782;1.313
28.797;1.328
28.765;1.295
28.765;1.278
28.796;1.318
28.83;1.308
28.796;1.303
28.82;1.284
28.82;1.314
28.82;1.315
28.82;1.342
28.792;1.29
28.801;1.321
28.82;1.284
28.838;1.31
28.81;1.305
28.838;1.296
28.852;1.307
28.852;1.366
28.882;1.283
28.882;1.312
28.884;1.288
28.902;1.284
28.902;1.306
28.88;1.317
28.902;1.321
28.902;1.286
28.902;1.291
28.88;1.28
28.88;1.318
28.901;1.34
28.901;1.298
28.897;1.271
28.897;1.34
28.917;1.305
28.897;1.287
28.884;1.286
28.897;1.307
28.897;1.308
28.884;1.268
28.884;1.3
28.888;1.322
28.921;1.275
28.931;1.336
28.931;1.271
28.97;1.29
28.97;1.347
28.953;1.347
28.97;1.349
28.983;1.324
28.993;1.293
28.993;1.3
28.993;1.329
28.997;1.295
28.997;1.306
29.025;1.29
29.025;1.295
29.057;1.292
29.04;1.305
29.04;1.273
29.007;1.276
28.995;1.281
28.995;1.292
29.003;1.314
29.04;1.355
29.003;1.326
29.04;1.298
29.04;1.328
29.035;1.365
29.075;1.304
29.075;1.308
29.075;1.328
29.075;1.324
29.09;1.291
29.09;1.286
29.09;1.294
29.075;1.266
29.075;1.318
29.086;1.322
29.137;1.315
29.154;1.327
29.202;1.318
29.168;1.328
29.103;1.319
29.103;1.307
29.103;1.333
29.103;1.374
29.103;1.324
29.129;1.311
29.129;1.328
29.109;1.324
29.064;1.295
29.056;1.3
29.101;1.312
29.101;1.318
29.14;1.317
29.14;1.311
29.14;1.277
29.125;1.305
29.125;1.327
29.166;1.279
29.166;1.303
29.213;1.333
29.213;1.33
29.213;1.302
29.221;1.298
29.222;1.278
29.222;1.305
29.222;1.361
29.257;1.34
29.257;1.343
29.257;1.29
29.302;1.296
29.302;1.28
29.26;1.335
29.227;1.306
29.259;1.274
29.234;1.261
29.263;1.299
29.234;1.29
29.234;1.299
29.263;1.352
29.234;1.336
29.263;1.306
29.303;1.328
29.32;1.313
29.32;1.321
29.32;1.337
29.32;1.325
29.32;1.325
29.327;1.301
29.318;1.337
29.327;1.381
29.337;1.322
29.332;1.315
29.332;1.282
29.332;1.314
29.333;1.313
29.327;1.336
29.327;1.307
29.32;1.271
29.327;1.295
29.327;1.333
29.327;1.288
29.33;1.358
29.33;1.301
29.35;1.304
29.377;1.309
29.378;1.323
29.378;1.329
29.378;1.29
29.378;1.303
29.378;1.3
29.37;1.265
29.378;1.3
29.378;1.305
29.386;1.28
29.386;1.294
29.41;1.266
29.41;1.309
29.41;1.292
29.41;1.387
29.41;1.297
29.41;1.3
29.406;1.308
29.414;1.29
29.414;1.339
29.435;1.328
29.436;1.311
29.487;1.286
29.487;1.306
29.494;1.303
29.494;1.31
29.495;1.313
29.52;1.327
29.533;1.29
29.533;1.324
29.525;1.299
29.527;1.293
29.547;1.328
29.569;1.296
29.571;1.308
29.571;1.299
29.571;1.258
29.549;1.306
29.544;1.311
29.526;1.306
29.544;1.297
29.527;1.32
29.506;1.255
29.506;1.317
29.506;1.341
29.525;1.319
29.553;1.311
29.56;1.333
29.583;1.328
29.583;1.293
29.561;1.353
29.584;1.311
29.591;1.309
29.582;1.328
29.582;1.332
29.594;1.303
29.582;1.308
29.582;1.324
29.582;1.328
29.594;1.295
29.597;1.299
29.597;1.295
29.617;1.324
29.617;1.314
29.617;1.339
29.639;1.275
29.639;1.304
29.639;1.299
29.614;1.31
29.609;1.299
29.643;1.328
29.632;1.347
29.608;1.325
29.607;1.307
29.586;1.332
29.586;1.269
29.607;1.321
29.629;1.316
29.635;1.331
29.635;1.323
29.634;1.31
29.612;1.319
29.634;1.351
29.635;1.339
29.635;1.353
29.635;1.325
29.635;1.321
29.636;1.305
29.62;1.311
29.622;1.309
29.664;1.314
29.692;1.33
29.692;1.316
29.698;1.317
29.7;1.294
29.7;1.274
29.704;1.322
29.707;1.317
29.727;1.32
29.779;1.294
29.741;1.307
29.741;1.297
29.731;1.347
29.741;1.299
29.741;1.28
29.794;1.342
29.794;1.309
29.861;1.319
29.861;1.326
29.808;1.333
29.874;1.284
29.874;1.279
29.915;1.285
29.874;1.327
29.915;1.318
29.915;1.285
29.874;1.368
29.884;1.281
29.84;1.293
29.866;1.304
29.84;1.295
29.866;1.304
29.866;1.326
29.864;1.323
29.864;1.3
29.908;1.303
29.908;1.297
29.859;1.32
29.88;1.31
29.85;1.313
29.85;1.346
29.826;1.331
29.826;1.315
29.85;1.317
29.836;1.344
29.836;1.327
29.856;1.309
29.856;1.337
29.866;1.322
29.891;1.304
29.909;1.332
29.948;1.334
29.948;1.311
29.943;1.311
29.943;1.28
29.908;1.313
29.879;1.313
29.888;1.294
29.906;1.318
29.906;1.304
29.922;1.31
29.922;1.359
29.962;1.332
29.979;1.307
29.998;1.357
29.998;1.327
29.998;1.307
30.005;1.336
30.005;1.324
30.005;1.335
29.998;1.317
30;1.322
30.032;1.32
30.065;1.295
30.067;1.293
30.067;1.291
30.093;1.3
30.092;1.303
30.076;1.335
30.095;1.308
30.1;1.321
30.1;1.289
30.1;1.332
30.086;1.293
30.1;1.267
30.1;1.359
30.09;1.236
30.09;1.328
30.1;1.318
30.09;1.326
30.07;1.303
30.112;1.299
30.112;1.309
30.138;1.34
30.116;1.324
30.16;1.315
30.16;1.343
30.123;1.335
30.147;1.284
30.189;1.29
30.189;1.324
30.168;1.315
30.156;1.284
30.156;1.333
30.156;1.283
30.156;1.27
30.156;1.282
30.156;1.302
30.139;1.32
30.116;1.306
30.116;1.321
30.102;1.318
30.102;1.284
30.102;1.275
30.107;1.302
30.107;1.319
30.107;1.264
30.132;1.307
30.144;1.316
30.158;1.319
30.158;1.317
30.174;1.351
30.195;1.349
30.195;1.321
30.195;1.318
30.195;1.3
30.217;1.302
30.195;1.306
30.221;1.329
30.195;1.308
30.226;1.301
30.222;1.312
30.222;1.302
30.258;1.338
30.277;1.328
30.306;1.294
30.295;1.345
30.295;1.303
30.253;1.295
30.319;1.297
30.279;1.292
30.285;1.366
30.285;1.319
30.285;1.317
30.285;1.317
30.276;1.3
30.289;1.335
30.329;1.305
30.329;1.343
30.316;1.283
30.307;1.31
30.347;1.299
30.317;1.294
30.347;1.286
30.319;1.265
30.343;1.265
30.343;1.278
30.319;1.305
30.343;1.315
30.37;1.3
30.37;1.384
30.37;1.324
30.37;1.375
30.341;1.263
30.341;1.293
30.344;1.314
30.344;1.332
30.387;1.263
30.387;1.338
30.387;1.322
30.418;1.299
30.387;1.329
30.411;1.317
30.418;1.305
30.423;1.325
30.423;1.336
30.418;1.322
30.423;1.33
30.428;1.322
30.428;1.301
30.449;1.306
30.474;1.339
30.474;1.316
30.474;1.307
30.474;1.277
30.474;1.312
30.49;1.294
30.492;1.303
30.513;1.31
30.492;1.326
30.516;1.338
30.516;1.325
30.541;1.301
30.541;1.288
30.553;1.312
30.561;1.305
30.561;1.311
30.561;1.274
30.553;1.309
30.553;1.274
30.569;1.294
30.549;1.3
30.559;1.313
30.512;1.293
30.512;1.304
30.512;1.294
30.549;1.317
30.591;1.277
30.601;1.344
30.609;1.328
30.601;1.372
30.609;1.322
30.604;1.316
30.604;1.315
30.604;1.267
30.618;1.351
30.618;1.314
30.618;1.29
30.591;1.247
30.608;1.309
30.608;1.288
30.605;1.298
30.605;1.357
30.643;1.311
30.605;1.32
30.559;1.311
30.559;1.323
30.599;1.332
30.588;1.319
30.588;1.304
30.635;1.293
30.65;1.298
30.674;1.291
30.674;1.34
30.674;1.295
30.68;1.322
30.68;1.32
30.706;1.306
30.751;1.32
30.706;1.315
30.705;1.315
30.735;1.305
30.742;1.291
30.735;1.287
30.735;1.318
30.735;1.284
30.737;1.329
30.743;1.309
30.743;1.279
30.743;1.363
30.743;1.287
30.743;1.336
30.738;1.291
30.765;1.307
30.765;1.317
30.765;1.307
30.733;1.357
30.732;1.301
30.732;1.268
30.732;1.332
30.732;1.279
30.732;1.27
30.732;1.305
30.732;1.294
30.724;1.305
30.757;1.33
30.794;1.305
30.825;1.318
30.825;1.299
30.825;1.313
30.825;1.305
30.823;1.324
30.858;1.301
30.842;1.32
30.849;1.307
30.851;1.29
30.851;1.287
30.815;1.285
30.809;1.248
30.815;1.268
30.815;1.312
30.856;1.309
30.856;1.324
30.906;1.337
30.914;1.309
30.9;1.312
30.885;1.318
30.897;1.312
30.897;1.284
30.897;1.349
30.897;1.31
30.878;1.294
30.878;1.27
30.878;1.333
30.878;1.31
30.889;1.296
30.889;1.279
30.881;1.311
30.874;1.337
30.874;1.319
30.893;1.289
30.894;1.325
30.894;1.292
30.887;1.316
30.887;1.264
30.868;1.3
30.887;1.346
30.894;1.312
30.896;1.317
30.929;1.3
30.955;1.298
30.974;1.315
30.996;1.302
31.039;1.256
30.996;1.332
30.996;1.31
31.026;1.301
31.039;1.348
31.039;1.278
31.059;1.297
31.059;1.297
31.043;1.306
31.036;1.251
31.036;1.337
31.036;1.259
31.036;1.311
31.036;1.269
31.046;1.292
31.046;1.285
31.046;1.296
31.042;1.329
31.053;1.305
31.055;1.272
31.06;1.308
31.066;1.307
31.068;1.336
31.103;1.328
31.068;1.356
31.068;1.315
31.068;1.344
31.068;1.32
31.103;1.299
31.103;1.299
31.069;1.304
31.051;1.331
31.052;1.375
31.052;1.269
31.067;1.333
31.07;1.25
31.07;1.322
31.07;1.311
31.07;1.318
31.07;1.311
31.07;1.278
31.07;1.369
31.073;1.296
31.067;1.304
31.073;1.298
31.107;1.316
31.147;1.321
31.147;1.288
31.109;1.321
31.109;1.303
31.16;1.316
31.212;1.302
31.212;1.311
31.212;1.293
31.16;1.281
31.212;1.31
31.171;1.306
31.178;1.323
31.198;1.292
31.277;1.336
31.259;1.277
31.181;1.39
31.155;1.323
31.194;1.296
31.251;1.286
31.251;1.292
31.251;1.314
31.251;1.311
31.251;1.359
31.216;1.286
31.247;1.32
31.247;1.321
31.286;1.325
31.251;1.34
31.258;1.319
31.257;1.314
31.303;1.318
31.303;1.3
31.303;1.279
31.326;1.263
31.303;1.292
31.331;1.282
31.36;1.324
31.361;1.336
31.359;1.336
31.359;1.305
31.359;1.31
31.361;1.303
31.361;1.332
31.361;1.294
31.361;1.31
31.361;1.334
31.353;1.307
31.34;1.35
31.358;1.285
31.358;1.31
31.358;1.284
31.346;1.324
31.388;1.31
31.345;1.291
31.388;1.338
31.355;1.321
31.355;1.302
31.355;1.293
31.343;1.314
31.355;1.269
31.355;1.266
31.367;1.354
31.367;1.361
31.382;1.312
31.367;1.319
31.356;1.286
31.382;1.313
31.405;1.338
31.425;1.318
31.425;1.291
31.441;1.298
31.442;1.293
31.442;1.296
31.447;1.272
31.447;1.318
31.472;1.327
31.461;1.287
31.479;1.301
31.541;1.321
31.56;1.344
31.541;1.298
31.494;1.369
31.478;1.314
31.505;1.311
31.505;1.307
31.505;1.335
31.539;1.316
31.558;1.334
31.558;1.283
31.522;1.266
31.535;1.313
31.535;1.347
31.57;1.319
31.561;1.335
31.575;1.309
31.591;1.318
31.575;1.294
31.582;1.331
31.546;1.304
31.583;1.313
31.583;1.362
31.624;1.321
31.627;1.288
31.627;1.258
31.596;1.286
31.59;1.28
31.6;1.29
31.594;1.294
31.6;1.294
31.594;1.333
31.6;1.321
31.594;1.353
31.59;1.3
31.594;1.317
31.594;1.274
31.607;1.318
31.607;1.289
31.602;1.316
31.602;1.29
31.622;1.33
31.596;1.318
31.623;1.303
31.632;1.312
31.653;1.314
31.653;1.35
31.645;1.279
31.643;1.32
31.643;1.314
31.643;1.32
31.643;1.315
31.66;1.293
31.67;1.302
31.67;1.284
31.643;1.348
31.67;1.337
31.661;1.343
31.71;1.314
31.71;1.318
31.739;1.306
31.71;1.317
31.682;1.272
31.724;1.268
31.669;1.33
31.724;1.302
31.702;1.306
31.702;1.329
31.702;1.353
31.75;1.297
31.75;1.309
31.75;1.312
31.75;1.35
31.725;1.308
31.725;1.306
31.702;1.32
31.702;1.325
31.752;1.339
31.72;1.272
31.72;1.308
31.72;1.288
31.738;1.338
31.786;1.305
31.786;1.274
31.81;1.299
31.834;1.294
31.81;1.337
31.793;1.291
31.829;1.352
31.86;1.286
31.86;1.31
31.86;1.34
31.849;1.321
31.86;1.316
31.86;1.284
31.86;1.302
31.894;1.308
31.926;1.284
31.926;1.254
31.926;1.328
31.926;1.284
31.915;1.298
31.915;1.326
31.91;1.338
31.921;1.313
31.921;1.291
31.91;1.305
31.891;1.283
31.865;1.297
31.892;1.296
31.892;1.297
31.911;1.321
31.911;1.315
31.912;1.336
31.912;1.349
31.912;1.335
31.945;1.307
31.965;1.286
31.965;1.34
31.979;1.28
31.965;1.34
31.937;1.328
31.965;1.299
31.979;1.324
31.965;1.3
31.934;1.339
31.934;1.319
31.957;1.32
32.01;1.33
32.018;1.273
32.048;1.34
32.048;1.31
32.048;1.343
31.992;1.307
32.061;1.269
32.085;1.263
32.082;1.29
32.082;1.266
32.082;1.323
32.063;1.301
32.063;1.292
32.082;1.328
32.096;1.317
32.096;1.34
32.096;1.333
32.096;1.32
32.112;1.309
32.085;1.313
32.112;1.318
32.112;1.287
32.112;1.295
32.085;1.329
32.103;1.319
32.119;1.326
32.092;1.382
32.092;1.319
32.056;1.339
32.071;1.298
32.023;1.299
32.071;1.3
32.04;1.342
32.077;1.318
32.077;1.3
32.07;1.334
32.07;1.311
32.128;1.331
32.128;1.263
32.098;1.366
32.098;1.313
32.098;1.334
32.123;1.318
32.123;1.313
32.113;1.287
32.13;1.325
32.141;1.315
32.141;1.299
32.17;1.357
32.199;1.322
32.237;1.309
32.237;1.338
32.206;1.33
32.206;1.306
32.208;1.318
32.24;1.26
32.24;1.301
32.208;1.309
32.208;1.313
32.238;1.324
32.208;1.351
32.238;1.332
32.269;1.324
32.244;1.299
32.247;1.279
32.223;1.324
32.233;1.309
32.254;1.304
32.254;1.277
32.252;1.324
32.252;1.272
32.24;1.289
32.24;1.291
32.24;1.349
32.24;1.347
32.245;1.321
32.256;1.312
32.256;1.265
32.256;1.326
32.297;1.269
32.297;1.214
32.297;1.338
32.288;1.328
32.336;1.267
32.336;1.315
32.337;1.33
32.329;1.309
32.329;1.316
32.321;1.305
32.321;1.292
32.329;1.315
32.329;1.344
32.35;1.293
32.322;1.287
32.351;1.33
32.376;1.319
32.387;1.324
32.387;1.317
32.4;1.332
32.422;1.331
32.437;1.36
32.437;1.323
32.458;1.344
32.458;1.347
32.458;1.318
32.454;1.3
32.433;1.293
32.433;1.355
32.406;1.316
32.386;1.309
32.386;1.317
32.399;1.301
32.399;1.324
32.397;1.223
32.381;1.311
32.397;1.309
32.433;1.314
32.408;1.337
32.433;1.332
32.445;1.362
32.466;1.307
32.454;1.332
32.467;1.291
32.514;1.282
32.528;1.317
32.515;1.333
32.515;1.308
32.538;1.316
32.538;1.323
32.538;1.312
32.541;1.325
32.559;1.304
32.541;1.318
32.534;1.337
32.552;1.329
32.552;1.32
32.499;1.292
32.481;1.307
32.499;1.352
32.475;1.33
32.475;1.329
32.475;1.316
32.456;1.332
32.482;1.265
32.482;1.314
32.531;1.312
32.557;1.31
32.587;1.343
32.574;1.305
32.605;1.318
32.605;1.325
32.605;1.33
32.61;1.301
32.621;1.33
32.621;1.334
32.621;1.331
32.644;1.3
32.644;1.338
32.644;1.315
32.644;1.32
32.644;1.293
32.616;1.331
32.625;1.327
32.626;1.319
32.679;1.311
32.626;1.338
32.626;1.305
32.673;1.294
32.673;1.32
32.673;1.296
32.673;1.314
32.707;1.328
32.707;1.316
32.707;1.273
32.695;1.319
32.732;1.31
32.695;1.271
32.693;1.312
32.693;1.305
32.693;1.336
32.708;1.293
32.708;1.342
32.71;1.29
32.702;1.332
32.695;1.259
32.678;1.358
32.695;1.302
32.688;1.32
32.71;1.314
32.733;1.321
32.73;1.296
32.73;1.315
32.759;1.304
32.788;1.333
32.788;1.311
32.788;1.334
32.815;1.324
32.815;1.299
32.785;1.314
32.785;1.317
32.815;1.347
32.818;1.32
32.825;1.327
32.771;1.329
32.786;1.329
32.825;1.3
32.825;1.328
32.842;1.303
32.842;1.33
32.825;1.31
32.838;1.315
32.842;1.344
32.842;1.332
32.855;1.295
32.855;1.317
32.849;1.3
32.836;1.267
32.836;1.317
32.849;1.34
32.875;1.326
32.883;1.336
32.913;1.342
32.939;1.326
32.913;1.3
32.939;1.301
32.967;1.346
32.977;1.292
32.979;1.318
32.979;1.329
32.979;1.343
32.985;1.296
32.979;1.334
32.979;1.321
32.979;1.317
32.955;1.327
32.925;1.323
32.925;1.321
32.925;1.313
32.917;1.356
32.934;1.29
32.92;1.271
32.934;1.264
32.934;1.289
32.948;1.286
32.948;1.312
32.978;1.325
32.974;1.31
33.007;1.303
33.022;1.336
33.022;1.319
33.022;1.332
33.048;1.303
33.011;1.302
33.011;1.284
33.011;1.322
33.048;1.349
33.048;1.296
33.005;1.315
33.027;1.316
32.973;1.278
32.972;1.324
32.954;1.297
32.972;1.348
32.972;1.299
32.985;1.266
32.985;1.322
33.059;1.301
33.08;1.305
33.08;1.313
33.103;1.338
33.108;1.315
33.113;1.285
33.113;1.293
33.124;1.304
33.124;1.36
33.134;1.289
33.124;1.327
33.149;1.31
33.155;1.336
33.164;1.342
33.164;1.31
33.164;1.294
33.164;1.323
33.138;1.309
33.138;1.314
33.138;1.313
33.138;1.304
33.138;1.296
33.123;1.316
33.092;1.264
33.123;1.26
33.123;1.319
33.126;1.295
33.144;1.287
33.144;1.284
33.144;1.353
33.144;1.31
33.144;1.281
33.171;1.328
33.186;1.291
33.171;1.354
33.186;1.294
33.186;1.291
33.171;1.275
33.186;1.277
33.186;1.327
33.197;1.286
33.197;1.302
33.197;1.33
33.217;1.305
33.251;1.276
33.225;1.303
33.251;1.272
33.251;1.325
33.278;1.31
33.258;1.31
33.29;1.309
33.302;1.276
33.304;1.335
33.304;1.302
33.324;1.323
33.324;1.323
33.312;1.272
33.336;1.324
33.312;1.325
33.318;1.291
33.336;1.316
33.336;1.329
33.326;1.328
33.312;1.311
33.312;1.34
33.332;1.333
33.355;1.324
33.332;1.337
33.355;1.29
33.367;1.269
33.356;1.308
33.337;1.29
33.356;1.342
33.356;1.307
33.355;1.31
33.367;1.33
33.348;1.327
33.367;1.32
33.367;1.296
33.373;1.316
33.382;1.27
33.407;1.319
33.407;1.288
33.41;1.296
33.41;1.252
33.41;1.315
33.432;1.323
33.432;1.304
33.432;1.332
33.433;1.297
33.431;1.344
33.433;1.318
33.425;1.336
33.425;1.31
33.436;1.275
33.436;1.321
33.436;1.274
33.436;1.299
33.436;1.298
33.443;1.306
33.451;1.303
33.451;1.283
33.451;1.343
33.468;1.312
33.485;1.299
33.491;1.321
33.491;1.309
33.491;1.285
33.485;1.313
33.448;1.32
33.453;1.326
33.453;1.319
33.453;1.258
33.453;1.292
33.414;1.272
33.414;1.291
33.435;1.303
33.499;1.306
33.549;1.31
33.554;1.293
33.549;1.293
33.511;1.31
33.549;1.239
33.577;1.3
33.612;1.314
33.577;1.321
33.578;1.304
33.558;1.268
33.555;1.295
33.558;1.294
33.58;1.296
33.607;1.315
33.601;1.299
33.601;1.305
33.573;1.309
33.601;1.311
33.622;1.32
33.65;1.289
33.69;1.317
33.65;1.343
33.65;1.28
33.65;1.302
33.705;1.269
33.705;1.297
33.728;1.335
33.746;1.287
33.746;1.307
33.734;1.254
33.685;1.288
33.687;1.315
33.734;1.314
33.687;1.3
33.655;1.304
33.655;1.3
33.655;1.319
33.655;1.354
33.708;1.336
33.77;1.299
33.772;1.324
33.788;1.319
33.79;1.298
33.79;1.289
33.79;1.302
33.79;1.334
33.79;1.317
33.774;1.282
33.769;1.301
33.75;1.282
33.756;1.298
33.715;1.314
33.715;1.279
33.715;1.303
33.73;1.337
33.709;1.306
33.73;1.311
33.723;1.337
33.723;1.327
33.723;1.327
33.723;1.299
33.74;1.3
33.723;1.307
33.74;1.313
33.766;1.314
33.766;1.304
33.766;1.331
33.792;1.312
33.809;1.332
33.813;1.328
33.821;1.295
33.821;1.305
33.826;1.313
33.826;1.32
33.826;1.283
33.855;1.303
33.876;1.26
33.908;1.293
33.908;1.28
33.923;1.325
33.923;1.308
33.923;1.312
33.923;1.313
33.923;1.319
33.891;1.311
33.887;1.306
33.901;1.305
33.857;1.272
33.901;1.295
33.891;1.312
33.901;1.314
33.901;1.305
33.901;1.294
33.901;1.331
33.912;1.294
33.907;1.32
33.902;1.312
33.93;1.29
33.902;1.33
33.905;1.32
33.905;1.284
33.917;1.323
33.882;1.299
33.882;1.323
33.882;1.303
33.882;1.298
33.917;1.331
33.918;1.269
33.94;1.281
33.941;1.313
33.941;1.31
33.941;1.304
33.955;1.335
33.967;1.32
33.993;1.308
34.027;1.271
34.027;1.305
34.027;1.313
34.036;1.329
34.043;1.307
34.036;1.254
34.027;1.349
34.01;1.325
34.01;1.306
34.019;1.315
34.019;1.322
34.019;1.32
34.027;1.332
34.032;1.302
34.008;1.319
34.032;1.285
34.05;1.3
34.05;1.303
34.032;1.334
